Customer_ID,Order_Date,Amount
CUST0194,2025-04-19,345.28
CUST0252,2025-07-01,86.71
CUST0004,2025-02-14,494.69
CUST0047,2025-05-05,410.09
CUST0109,2025-01-20,398.62
CUST0227,2025-05-16,269.99
CUST0139,2025-03-26,118.4
CUST0289,2025-06-26,61.14
CUST0103,2025-04-10,257.16
CUST0011,2025-02-07,380.0
CUST0104,2025-05-21,433.23
CUST0222,2025-02-09,77.75
CUST0010,2025-07-05,245.54
CUST0220,2025-03-18,336.82
CUST0042,2025-01-05,122.75
CUST0178,2025-03-24,493.91
CUST0018,2025-04-19,178.17
CUST0201,2025-05-15,277.29
CUST0209,2025-03-13,131.28
CUST0026,2025-04-25,175.64
CUST0226,2025-07-22,485.14
CUST0148,2025-05-10,395.14
CUST0123,2025-01-10,69.94
CUST0189,2025-03-04,446.44
CUST0151,2025-05-18,446.38
CUST0141,2025-04-26,440.95
CUST0200,2025-06-20,180.42
CUST0228,2025-03-30,303.62
CUST0102,2025-02-05,76.38
CUST0112,2025-03-21,484.72
CUST0283,2025-04-17,142.7
CUST0179,2025-06-02,117.09
CUST0019,2025-04-18,357.27
CUST0249,2025-03-26,456.93
CUST0193,2025-01-30,259.88
CUST0007,2025-07-12,219.88
CUST0280,2025-03-24,186.54
CUST0249,2025-02-23,486.6
CUST0121,2025-01-05,388.19
CUST0083,2025-03-18,185.73
CUST0225,2025-02-02,405.02
CUST0135,2025-01-09,394.8
CUST0036,2025-01-09,219.59
CUST0190,2025-03-29,32.27
CUST0222,2025-06-07,463.33
CUST0007,2025-03-19,90.35
CUST0058,2025-05-25,182.29
CUST0097,2025-03-28,251.68
CUST0211,2025-03-23,344.64
CUST0194,2025-03-05,431.54
CUST0203,2025-01-10,30.61
CUST0204,2025-04-20,423.27
CUST0047,2025-03-02,425.0
CUST0152,2025-05-10,71.17
CUST0087,2025-05-09,465.71
CUST0003,2025-07-28,246.15
CUST0272,2025-03-23,44.57
CUST0241,2025-04-11,238.32
CUST0043,2025-04-24,380.55
CUST0190,2025-02-17,198.23
CUST0111,2025-02-13,478.06
CUST0118,2025-06-24,191.16
CUST0218,2025-05-30,86.19
CUST0286,2025-05-16,308.89
CUST0273,2025-02-28,66.23
CUST0040,2025-03-05,236.47
CUST0131,2025-05-08,356.97
CUST0068,2025-06-28,269.35
CUST0157,2025-05-03,33.26
CUST0062,2025-03-18,230.75
CUST0025,2025-01-06,161.11
CUST0239,2025-05-02,213.98
CUST0014,2025-06-23,213.14
CUST0045,2025-07-10,384.28
CUST0300,2025-06-25,359.33
CUST0289,2025-03-21,337.53
CUST0139,2025-04-03,352.9
CUST0249,2025-06-06,97.28
CUST0048,2025-05-30,382.18
CUST0250,2025-05-30,76.6
CUST0086,2025-02-12,62.02
CUST0211,2025-02-20,217.28
CUST0064,2025-03-25,325.33
CUST0068,2025-02-18,312.84
CUST0256,2025-04-03,287.0
CUST0066,2025-01-21,173.08
CUST0268,2025-01-15,315.57
CUST0085,2025-06-06,465.03
CUST0067,2025-04-17,139.65
CUST0163,2025-03-28,183.65
CUST0281,2025-03-23,204.74
CUST0035,2025-06-05,215.65
CUST0067,2025-07-01,318.99
CUST0244,2025-05-19,307.8
CUST0254,2025-07-23,132.96
CUST0039,2025-04-21,31.36
CUST0102,2025-06-23,498.09
CUST0099,2025-03-19,376.44
CUST0059,2025-06-30,348.2
CUST0086,2025-07-12,356.23
CUST0179,2025-04-03,335.15
CUST0122,2025-06-04,213.13
CUST0107,2025-02-08,493.95
CUST0057,2025-03-11,200.89
CUST0048,2025-01-16,82.63
CUST0206,2025-03-31,269.28
CUST0070,2025-05-31,199.27
CUST0208,2025-07-12,340.53
CUST0169,2025-02-08,293.61
CUST0125,2025-06-06,499.3
CUST0141,2025-02-02,289.02
CUST0181,2025-06-03,136.77
CUST0206,2025-07-19,217.25
CUST0073,2025-03-09,211.34
CUST0071,2025-07-17,303.39
CUST0257,2025-07-17,407.16
CUST0005,2025-04-08,75.28
CUST0297,2025-02-24,489.02
CUST0053,2025-07-24,121.1
CUST0160,2025-07-20,282.48
CUST0133,2025-05-28,200.32
CUST0156,2025-07-10,287.11
CUST0131,2025-06-22,372.55
CUST0046,2025-05-17,57.0
CUST0132,2025-02-19,324.02
CUST0273,2025-07-01,88.08
CUST0264,2025-02-24,481.13
CUST0239,2025-07-29,237.61
CUST0084,2025-04-18,388.72
CUST0201,2025-06-27,190.34
CUST0297,2025-03-24,213.57
CUST0067,2025-05-02,442.66
CUST0073,2025-01-01,157.46
CUST0092,2025-04-03,216.73
CUST0205,2025-07-02,117.01
CUST0155,2025-05-16,472.25
CUST0224,2025-02-15,497.55
CUST0165,2025-07-17,35.17
CUST0153,2025-04-10,304.1
CUST0019,2025-04-23,76.19
CUST0052,2025-06-02,80.93
CUST0212,2025-06-16,75.71
CUST0284,2025-06-29,319.24
CUST0286,2025-07-09,152.32
CUST0176,2025-01-20,479.58
CUST0088,2025-03-20,288.46
CUST0229,2025-01-11,395.2
CUST0059,2025-05-31,481.07
CUST0164,2025-03-30,345.18
CUST0046,2025-04-17,119.83
CUST0216,2025-02-16,176.78
CUST0051,2025-03-28,90.14
CUST0138,2025-04-10,61.26
CUST0221,2025-01-12,461.75
CUST0249,2025-02-04,109.09
CUST0140,2025-03-29,287.19
CUST0191,2025-04-06,435.71
CUST0255,2025-07-03,151.42
CUST0210,2025-04-24,207.57
CUST0025,2025-07-23,297.94
CUST0226,2025-06-17,91.87
CUST0238,2025-06-20,77.38
CUST0057,2025-06-26,140.99
CUST0001,2025-01-15,280.59
CUST0112,2025-02-08,428.08
CUST0139,2025-04-23,440.61
CUST0136,2025-05-02,104.02
CUST0013,2025-03-14,434.1
CUST0079,2025-01-27,142.45
CUST0201,2025-02-22,97.92
CUST0222,2025-01-21,485.66
CUST0143,2025-07-11,392.86
CUST0253,2025-07-01,165.19
CUST0181,2025-01-07,421.59
CUST0244,2025-06-18,168.88
CUST0006,2025-02-18,151.61
CUST0144,2025-04-28,90.9
CUST0045,2025-03-02,28.42
CUST0015,2025-03-14,30.64
CUST0259,2025-05-31,270.83
CUST0022,2025-02-28,335.68
CUST0195,2025-04-15,302.4
CUST0203,2025-05-04,51.53
CUST0136,2025-07-09,117.24
CUST0239,2025-07-14,138.33
CUST0026,2025-01-24,190.67
CUST0099,2025-07-26,161.87
CUST0130,2025-03-05,391.45
CUST0052,2025-05-21,31.34
CUST0208,2025-05-24,486.02
CUST0130,2025-04-26,214.03
CUST0060,2025-05-08,278.88
CUST0283,2025-06-17,191.43
CUST0042,2025-07-12,429.39
CUST0129,2025-06-10,202.39
CUST0058,2025-03-14,406.28
CUST0258,2025-07-24,20.55
CUST0090,2025-01-04,493.01
CUST0005,2025-02-01,261.3
CUST0011,2025-04-02,272.93
CUST0191,2025-07-29,384.86
CUST0065,2025-03-30,373.83
CUST0257,2025-06-10,368.69
CUST0202,2025-03-06,295.54
CUST0071,2025-07-18,461.84
CUST0179,2025-05-05,362.45
CUST0133,2025-05-31,415.99
CUST0024,2025-07-24,164.84
CUST0082,2025-05-29,393.02
CUST0104,2025-03-22,300.56
CUST0058,2025-02-11,49.98
CUST0298,2025-07-20,439.75
CUST0015,2025-07-13,379.91
CUST0272,2025-03-18,37.91
CUST0055,2025-05-01,473.25
CUST0255,2025-02-20,363.52
CUST0244,2025-03-20,49.25
CUST0017,2025-05-10,333.03
CUST0062,2025-02-20,276.06
CUST0241,2025-01-14,95.63
CUST0152,2025-01-17,175.13
CUST0281,2025-03-26,289.92
CUST0053,2025-02-05,160.89
CUST0244,2025-05-26,357.57
CUST0150,2025-02-10,42.52
CUST0141,2025-02-17,54.95
CUST0181,2025-05-22,48.99
CUST0221,2025-03-12,367.6
CUST0041,2025-04-27,379.17
CUST0179,2025-07-04,179.73
CUST0176,2025-05-10,382.53
CUST0042,2025-07-19,485.44
CUST0079,2025-03-05,181.37
CUST0024,2025-03-23,61.01
CUST0134,2025-02-23,259.47
CUST0276,2025-03-21,441.62
CUST0140,2025-04-27,111.22
CUST0223,2025-02-21,454.73
CUST0270,2025-06-29,212.54
CUST0014,2025-04-11,330.11
CUST0005,2025-05-30,101.99
CUST0105,2025-02-11,170.6
CUST0155,2025-03-08,332.71
CUST0019,2025-05-09,395.11
CUST0186,2025-06-01,197.67
CUST0092,2025-01-13,232.82
CUST0085,2025-04-05,271.77
CUST0273,2025-05-12,322.33
CUST0203,2025-04-26,29.93
CUST0065,2025-07-03,411.75
CUST0200,2025-07-26,262.5
CUST0054,2025-02-03,377.16
CUST0173,2025-01-25,188.61
CUST0194,2025-07-03,375.96
CUST0105,2025-04-12,160.5
CUST0202,2025-03-14,216.44
CUST0217,2025-05-10,276.65
CUST0205,2025-02-16,220.56
CUST0093,2025-03-23,278.68
CUST0263,2025-06-01,449.59
CUST0237,2025-05-12,182.99
CUST0248,2025-06-13,342.09
CUST0152,2025-05-08,68.83
CUST0019,2025-01-14,52.75
CUST0171,2025-06-30,225.61
CUST0152,2025-06-05,499.09
CUST0013,2025-06-22,287.51
CUST0232,2025-01-07,142.99
CUST0178,2025-04-29,447.01
CUST0188,2025-01-20,264.52
CUST0299,2025-05-08,303.25
CUST0178,2025-03-11,110.35
CUST0215,2025-06-11,62.68
CUST0010,2025-05-24,102.71
CUST0158,2025-06-05,131.19
CUST0003,2025-04-23,452.85
CUST0259,2025-01-12,270.86
CUST0194,2025-01-06,71.11
CUST0217,2025-06-30,38.71
CUST0004,2025-07-14,47.17
CUST0158,2025-03-28,308.69
CUST0007,2025-01-02,311.49
CUST0025,2025-01-03,391.61
CUST0026,2025-03-02,393.06
CUST0142,2025-04-09,375.88
CUST0020,2025-01-19,437.89
CUST0041,2025-07-20,237.26
CUST0229,2025-01-30,269.47
CUST0180,2025-06-14,379.4
CUST0067,2025-05-20,50.51
CUST0295,2025-05-16,243.72
CUST0260,2025-04-25,137.09
CUST0049,2025-02-22,375.89
CUST0127,2025-05-22,365.12
CUST0031,2025-04-29,372.65
CUST0094,2025-05-06,475.68
CUST0023,2025-06-16,495.19
CUST0122,2025-04-04,427.65
CUST0157,2025-07-13,147.77
CUST0136,2025-01-29,330.16
CUST0293,2025-04-03,318.44
CUST0087,2025-05-10,406.6
CUST0202,2025-04-16,265.67
CUST0198,2025-07-12,50.1
CUST0204,2025-06-26,239.59
CUST0259,2025-01-25,487.18
CUST0109,2025-01-07,413.89
CUST0094,2025-05-09,66.42
CUST0126,2025-01-19,493.24
CUST0271,2025-06-08,356.95
CUST0041,2025-04-19,382.81
CUST0077,2025-02-14,182.15
CUST0289,2025-02-10,130.59
CUST0125,2025-07-12,363.06
CUST0131,2025-06-03,99.2
CUST0287,2025-07-26,260.03
CUST0241,2025-02-21,387.47
CUST0290,2025-03-12,296.92
CUST0060,2025-02-07,292.63
CUST0299,2025-02-12,66.84
CUST0141,2025-02-23,40.91
CUST0233,2025-06-11,304.18
CUST0044,2025-05-08,292.42
CUST0297,2025-07-25,337.61
CUST0203,2025-04-10,315.39
CUST0053,2025-03-01,63.43
CUST0214,2025-06-10,383.99
CUST0032,2025-06-27,368.12
CUST0147,2025-06-14,380.59
CUST0285,2025-01-10,70.98
CUST0085,2025-04-05,387.62
CUST0251,2025-04-04,293.28
CUST0289,2025-02-05,488.11
CUST0051,2025-05-23,426.75
CUST0108,2025-06-21,437.58
CUST0139,2025-02-25,347.81
CUST0167,2025-06-06,411.25
CUST0265,2025-07-16,295.07
CUST0232,2025-01-22,459.91
CUST0149,2025-06-30,158.82
CUST0202,2025-01-23,405.49
CUST0135,2025-04-22,217.29
CUST0156,2025-01-19,64.36
CUST0097,2025-03-13,185.21
CUST0115,2025-01-18,231.26
CUST0097,2025-01-30,83.45
CUST0108,2025-04-12,284.28
CUST0146,2025-06-11,392.72
CUST0281,2025-06-21,79.34
CUST0291,2025-06-29,392.06
CUST0074,2025-03-27,230.1
CUST0001,2025-02-09,81.26
CUST0058,2025-02-28,386.71
CUST0250,2025-04-20,283.79
CUST0095,2025-01-21,387.39
CUST0023,2025-05-24,368.41
CUST0199,2025-04-08,328.17
CUST0161,2025-01-27,349.3
CUST0019,2025-07-05,382.2
CUST0212,2025-01-30,274.58
CUST0070,2025-01-02,21.49
CUST0024,2025-04-14,447.93
CUST0291,2025-06-30,48.49
CUST0225,2025-03-24,118.41
CUST0017,2025-01-30,225.34
CUST0041,2025-05-01,292.76
CUST0054,2025-03-02,37.23
CUST0211,2025-06-02,199.23
CUST0009,2025-07-16,465.62
CUST0059,2025-03-24,473.71
CUST0148,2025-06-03,99.38
CUST0157,2025-04-27,226.08
CUST0070,2025-07-02,173.29
CUST0124,2025-03-28,375.46
CUST0017,2025-07-10,227.63
CUST0018,2025-07-18,448.5
CUST0250,2025-07-24,131.2
CUST0200,2025-04-14,427.36
CUST0298,2025-02-11,270.68
CUST0038,2025-07-06,89.11
CUST0237,2025-03-04,292.55
CUST0100,2025-02-26,435.64
CUST0192,2025-05-08,173.83
CUST0138,2025-03-21,312.33
CUST0232,2025-01-17,246.27
CUST0271,2025-02-26,319.95
CUST0297,2025-06-02,137.5
CUST0294,2025-03-09,384.88
CUST0108,2025-01-29,197.59
CUST0173,2025-01-30,124.62
CUST0055,2025-02-03,470.96
CUST0138,2025-02-03,404.3
CUST0145,2025-04-05,419.4
CUST0161,2025-01-24,406.31
CUST0164,2025-07-10,157.94
CUST0165,2025-05-23,437.27
CUST0233,2025-06-09,217.94
CUST0031,2025-02-21,33.98
CUST0274,2025-02-05,122.98
CUST0042,2025-03-06,268.39
CUST0016,2025-07-22,375.32
CUST0140,2025-07-10,203.21
CUST0034,2025-01-12,242.69
CUST0010,2025-02-25,64.08
CUST0078,2025-07-01,302.57
CUST0180,2025-02-09,120.32
CUST0230,2025-07-17,133.24
CUST0095,2025-01-27,36.68
CUST0059,2025-07-30,490.69
CUST0232,2025-04-02,463.38
CUST0140,2025-03-27,357.14
CUST0277,2025-03-03,457.56
CUST0296,2025-06-18,211.48
CUST0183,2025-02-02,476.82
CUST0071,2025-06-15,115.31
CUST0094,2025-04-20,267.69
CUST0279,2025-02-19,368.75
CUST0208,2025-05-17,164.4
CUST0038,2025-02-10,219.25
CUST0147,2025-06-19,449.13
CUST0135,2025-02-08,182.45
CUST0155,2025-02-15,409.42
CUST0231,2025-04-06,198.23
CUST0219,2025-01-24,158.11
CUST0262,2025-07-15,358.02
CUST0282,2025-06-25,345.42
CUST0063,2025-06-02,279.19
CUST0186,2025-03-08,264.12
CUST0245,2025-05-26,329.17
CUST0209,2025-07-27,226.46
CUST0008,2025-05-15,345.72
CUST0127,2025-03-10,440.63
CUST0242,2025-06-02,232.85
CUST0048,2025-04-29,190.04
CUST0222,2025-07-08,37.65
CUST0011,2025-05-01,108.63
CUST0028,2025-04-22,334.89
CUST0058,2025-03-13,235.84
CUST0276,2025-05-18,320.32
CUST0017,2025-02-12,433.33
CUST0003,2025-03-22,147.37
CUST0249,2025-01-14,446.64
CUST0245,2025-02-14,435.98
CUST0212,2025-05-05,250.49
CUST0266,2025-02-17,415.29
CUST0074,2025-06-05,496.31
CUST0160,2025-06-08,44.95
CUST0250,2025-06-23,175.09
CUST0208,2025-04-01,326.64
CUST0164,2025-03-30,230.44
CUST0244,2025-07-29,136.56
CUST0014,2025-06-09,124.73
CUST0167,2025-06-25,269.51
CUST0100,2025-01-17,198.62
CUST0041,2025-05-27,272.73
CUST0156,2025-04-19,443.74
CUST0246,2025-04-05,460.07
CUST0288,2025-03-08,470.81
CUST0023,2025-03-14,102.98
CUST0129,2025-06-30,231.86
CUST0098,2025-05-12,403.94
CUST0182,2025-05-14,198.01
CUST0159,2025-06-08,114.08
CUST0146,2025-06-14,391.3
CUST0170,2025-01-20,232.12
CUST0217,2025-07-06,175.42
CUST0218,2025-07-12,125.95
CUST0222,2025-02-15,379.66
CUST0208,2025-03-24,133.07
CUST0240,2025-04-17,88.79
CUST0175,2025-06-04,319.25
CUST0172,2025-04-14,115.02
CUST0266,2025-04-08,483.68
CUST0217,2025-04-04,236.08
CUST0281,2025-07-07,281.15
CUST0127,2025-07-21,283.62
CUST0128,2025-07-09,49.48
CUST0206,2025-02-12,270.66
CUST0061,2025-07-06,64.4
CUST0153,2025-04-26,62.33
CUST0197,2025-06-27,288.76
CUST0120,2025-01-17,106.82
CUST0033,2025-05-04,289.6
CUST0205,2025-03-12,483.14
CUST0289,2025-05-12,358.88
CUST0016,2025-02-08,286.89
CUST0213,2025-01-02,141.26
CUST0162,2025-01-09,199.76
CUST0121,2025-05-17,161.25
CUST0078,2025-04-20,205.64
CUST0010,2025-02-08,109.21
CUST0270,2025-05-26,272.29
CUST0031,2025-05-03,128.58
CUST0175,2025-05-28,97.09
CUST0110,2025-01-29,155.17
CUST0176,2025-03-14,302.48
CUST0005,2025-02-09,144.71
CUST0181,2025-03-17,48.8
CUST0145,2025-01-22,332.14
CUST0214,2025-01-07,467.56
CUST0117,2025-06-12,202.9
CUST0236,2025-01-22,121.39
CUST0116,2025-05-05,436.14
CUST0179,2025-05-29,418.99
CUST0171,2025-02-07,33.52
CUST0192,2025-02-14,371.96
CUST0297,2025-07-06,261.28
CUST0073,2025-01-23,311.77
CUST0142,2025-01-17,278.28
CUST0268,2025-02-23,186.96
CUST0172,2025-01-03,148.23
CUST0146,2025-02-11,302.88
CUST0148,2025-04-03,145.55
CUST0088,2025-05-02,367.83
CUST0081,2025-02-07,21.16
CUST0085,2025-07-22,381.06
CUST0131,2025-01-09,341.12
CUST0231,2025-03-08,58.29
CUST0128,2025-04-24,260.17
CUST0223,2025-03-25,275.8
CUST0221,2025-05-27,242.36
CUST0135,2025-05-22,25.03
CUST0139,2025-05-26,167.82
CUST0131,2025-06-02,404.28
CUST0117,2025-02-07,358.84
CUST0002,2025-01-24,46.02
CUST0170,2025-04-14,436.93
CUST0152,2025-04-18,414.69
CUST0263,2025-01-04,203.32
CUST0189,2025-02-16,336.07
CUST0247,2025-03-26,258.64
CUST0255,2025-05-05,471.59
CUST0136,2025-03-01,469.91
CUST0174,2025-07-28,57.92
CUST0218,2025-06-27,210.72
CUST0039,2025-04-18,108.99
CUST0064,2025-05-17,457.77
CUST0152,2025-01-04,158.24
CUST0292,2025-05-05,330.56
CUST0296,2025-01-18,158.11
CUST0041,2025-05-09,283.12
CUST0225,2025-05-02,314.53
CUST0101,2025-04-28,145.92
CUST0258,2025-03-12,79.56
CUST0078,2025-04-03,438.72
CUST0265,2025-04-10,398.42
CUST0188,2025-03-14,417.4
CUST0023,2025-02-18,320.73
CUST0080,2025-04-14,379.47
CUST0027,2025-05-20,186.93
CUST0242,2025-07-24,355.53
CUST0052,2025-07-01,444.86
CUST0028,2025-04-11,269.28
CUST0091,2025-05-03,366.07
CUST0199,2025-06-14,327.29
CUST0182,2025-04-09,343.58
CUST0155,2025-04-12,277.84
CUST0196,2025-04-18,241.9
CUST0199,2025-07-17,79.3
CUST0174,2025-06-14,242.58
CUST0190,2025-02-16,281.49
CUST0168,2025-04-19,82.93
CUST0084,2025-01-28,173.09
CUST0233,2025-06-17,477.16
CUST0060,2025-07-20,485.88
CUST0019,2025-05-18,333.87
CUST0001,2025-04-27,204.46
CUST0229,2025-03-17,309.02
CUST0261,2025-06-25,220.5
CUST0180,2025-03-16,30.54
CUST0220,2025-03-28,415.27
CUST0015,2025-03-07,140.45
CUST0235,2025-06-17,65.59
CUST0291,2025-07-16,175.8
CUST0129,2025-06-21,420.75
CUST0002,2025-04-29,198.37
CUST0055,2025-05-12,258.28
CUST0054,2025-07-09,151.14
CUST0011,2025-04-29,124.26
CUST0114,2025-01-06,169.39
CUST0248,2025-02-03,254.25
CUST0184,2025-07-02,283.69
CUST0185,2025-07-20,211.61
CUST0220,2025-06-12,117.52
CUST0130,2025-02-26,286.31
CUST0182,2025-01-08,362.1
CUST0014,2025-04-01,256.59
CUST0105,2025-07-30,311.05
CUST0067,2025-06-10,280.39
CUST0037,2025-04-15,404.38
CUST0126,2025-05-06,219.76
CUST0288,2025-05-15,341.22
CUST0240,2025-06-02,105.76
CUST0193,2025-01-26,369.42
CUST0079,2025-02-07,418.66
CUST0225,2025-01-11,385.83
CUST0043,2025-07-24,324.66
CUST0150,2025-01-01,485.91
CUST0242,2025-05-22,39.56
CUST0227,2025-03-14,281.61
CUST0201,2025-04-29,208.94
CUST0008,2025-03-05,418.93
CUST0246,2025-07-19,28.65
CUST0093,2025-07-09,292.62
CUST0237,2025-02-28,316.88
CUST0081,2025-06-09,489.25
CUST0093,2025-04-21,110.17
CUST0119,2025-02-16,123.52
CUST0258,2025-03-28,463.82
CUST0179,2025-04-26,58.75
CUST0132,2025-01-11,140.9
CUST0079,2025-01-15,280.46
CUST0120,2025-03-18,383.5
CUST0210,2025-02-01,392.51
CUST0170,2025-03-15,47.13
CUST0193,2025-03-07,272.71
CUST0270,2025-05-04,120.98
CUST0146,2025-03-28,67.01
CUST0223,2025-01-31,39.28
CUST0287,2025-05-08,84.01
CUST0183,2025-02-05,144.23
CUST0062,2025-04-20,293.42
CUST0072,2025-06-01,155.59
CUST0228,2025-05-05,297.18
CUST0135,2025-02-18,58.56
CUST0215,2025-01-03,241.87
CUST0182,2025-05-11,147.7
CUST0286,2025-03-04,462.25
CUST0235,2025-05-30,228.74
CUST0144,2025-02-28,73.39
CUST0167,2025-01-25,419.65
CUST0104,2025-07-27,102.13
CUST0023,2025-04-28,485.15
CUST0161,2025-02-05,189.14
CUST0077,2025-05-25,305.25
CUST0282,2025-06-20,385.47
CUST0170,2025-02-19,445.29
CUST0072,2025-07-05,497.16
CUST0224,2025-06-21,119.5
CUST0125,2025-01-10,240.13
CUST0063,2025-06-13,278.78
CUST0221,2025-04-24,29.14
CUST0101,2025-03-22,336.85
CUST0059,2025-01-25,402.98
CUST0117,2025-06-07,303.07
CUST0293,2025-03-12,443.05
CUST0252,2025-03-05,194.24
CUST0065,2025-03-28,353.61
CUST0201,2025-06-01,25.87
CUST0288,2025-02-17,336.74
CUST0208,2025-01-07,414.68
CUST0202,2025-07-21,89.97
CUST0008,2025-02-25,141.0
CUST0279,2025-06-15,59.85
CUST0063,2025-02-08,426.03
CUST0044,2025-04-14,285.2
CUST0271,2025-07-06,356.73
CUST0249,2025-02-22,145.18
CUST0186,2025-04-21,170.16
CUST0300,2025-06-12,237.61
CUST0171,2025-05-02,105.75
CUST0105,2025-02-15,351.36
CUST0007,2025-04-13,21.22
CUST0066,2025-07-21,452.47
CUST0197,2025-06-18,419.27
CUST0186,2025-04-28,117.47
CUST0020,2025-02-25,462.65
CUST0101,2025-06-07,294.7
CUST0123,2025-01-11,473.02
CUST0231,2025-03-23,451.28
CUST0196,2025-04-28,177.07
CUST0097,2025-03-08,438.03
CUST0092,2025-07-14,57.42
CUST0187,2025-07-29,68.75
CUST0043,2025-02-08,318.79
CUST0275,2025-04-18,49.22
CUST0265,2025-01-24,87.24
CUST0060,2025-06-17,485.41
CUST0258,2025-03-31,97.21
CUST0094,2025-06-14,321.13
CUST0198,2025-06-06,21.24
CUST0197,2025-02-26,186.87
CUST0266,2025-03-27,161.7
CUST0066,2025-04-29,68.8
CUST0119,2025-01-24,419.39
CUST0002,2025-02-28,42.74
CUST0022,2025-04-25,433.76
CUST0030,2025-06-24,145.86
CUST0214,2025-06-20,392.26
CUST0269,2025-02-15,53.54
CUST0241,2025-07-16,134.64
CUST0075,2025-03-21,309.29
CUST0009,2025-06-09,386.44
CUST0044,2025-05-13,84.95
CUST0014,2025-06-25,341.5
CUST0018,2025-07-06,481.67
CUST0124,2025-06-13,289.97
CUST0164,2025-06-21,213.08
CUST0064,2025-01-29,157.11
CUST0135,2025-02-13,422.3
CUST0159,2025-04-16,50.09
CUST0037,2025-07-29,243.22
CUST0227,2025-06-01,195.07
CUST0151,2025-06-12,294.5
CUST0051,2025-05-02,230.7
CUST0070,2025-04-14,498.56
CUST0165,2025-02-25,201.05
CUST0238,2025-01-20,123.9
CUST0181,2025-06-30,251.66
CUST0106,2025-01-26,255.9
CUST0158,2025-03-16,96.23
CUST0112,2025-01-21,278.84
CUST0058,2025-05-01,420.04
CUST0059,2025-04-23,119.61
CUST0208,2025-01-29,264.91
CUST0291,2025-07-22,360.45
CUST0298,2025-04-05,102.72
CUST0022,2025-03-15,75.59
CUST0045,2025-07-02,246.29
CUST0299,2025-01-18,246.44
CUST0156,2025-06-07,430.49
CUST0031,2025-06-20,124.06
CUST0037,2025-01-20,24.23
CUST0298,2025-07-30,92.51
CUST0022,2025-05-28,379.17
CUST0002,2025-06-06,184.58
CUST0057,2025-04-03,309.54
CUST0268,2025-01-27,95.57
CUST0042,2025-07-07,105.74
CUST0221,2025-04-30,249.59
CUST0196,2025-02-28,215.32
CUST0059,2025-03-31,368.31
CUST0213,2025-03-10,52.66
CUST0278,2025-01-16,89.59
CUST0164,2025-05-27,54.22
CUST0003,2025-05-11,286.38
CUST0157,2025-02-14,163.85
CUST0099,2025-04-03,194.01
CUST0002,2025-06-12,86.27
CUST0021,2025-02-08,181.4
CUST0078,2025-03-03,373.14
CUST0258,2025-04-25,443.37
CUST0070,2025-01-10,60.3
CUST0297,2025-03-17,128.7
CUST0036,2025-05-24,472.51
CUST0267,2025-04-20,478.37
CUST0095,2025-05-04,144.38
CUST0147,2025-07-17,153.22
CUST0126,2025-06-09,296.87
CUST0199,2025-06-15,182.18
CUST0011,2025-04-15,412.26
CUST0129,2025-02-07,478.31
CUST0234,2025-03-03,208.52
CUST0002,2025-07-30,269.95
CUST0187,2025-05-17,82.8
CUST0216,2025-01-02,322.95
CUST0294,2025-03-08,176.74
CUST0135,2025-02-28,20.11
CUST0051,2025-05-17,114.19
CUST0161,2025-03-30,388.59
CUST0149,2025-03-09,274.24
CUST0128,2025-01-06,409.35
CUST0028,2025-01-07,411.99
CUST0288,2025-07-29,374.35
CUST0018,2025-05-16,231.53
CUST0005,2025-01-16,122.67
CUST0245,2025-06-07,81.07
CUST0246,2025-02-01,245.33
CUST0128,2025-04-29,112.86
CUST0095,2025-05-02,200.97
CUST0067,2025-06-05,218.08
CUST0019,2025-03-16,285.33
CUST0098,2025-05-09,144.25
CUST0219,2025-07-29,213.49
CUST0116,2025-02-08,170.73
CUST0214,2025-01-28,179.26
CUST0287,2025-07-28,218.42
CUST0191,2025-04-16,150.66
CUST0152,2025-05-09,316.09
CUST0284,2025-05-03,438.18
CUST0182,2025-01-28,497.34
CUST0241,2025-04-17,318.44
CUST0213,2025-01-11,210.69
CUST0146,2025-03-10,156.26
CUST0048,2025-04-05,196.1
CUST0045,2025-03-20,142.33
CUST0172,2025-04-19,219.89
CUST0165,2025-02-25,425.46
CUST0078,2025-04-20,190.96
CUST0165,2025-06-29,186.94
CUST0048,2025-01-06,451.08
CUST0080,2025-07-24,434.82
CUST0219,2025-05-03,108.91
CUST0249,2025-02-04,48.39
CUST0050,2025-04-20,402.98
CUST0226,2025-02-21,321.51
CUST0249,2025-07-22,290.51
CUST0040,2025-03-23,485.56
CUST0007,2025-07-03,58.44
CUST0225,2025-07-20,372.56
CUST0281,2025-01-14,37.21
CUST0051,2025-07-15,178.95
CUST0043,2025-03-01,485.02
CUST0082,2025-04-17,443.6
CUST0065,2025-06-30,355.83
CUST0147,2025-02-19,181.09
CUST0201,2025-05-30,451.14
CUST0035,2025-02-15,366.0
CUST0043,2025-05-13,204.5
CUST0238,2025-06-17,223.82
CUST0080,2025-07-30,167.42
CUST0197,2025-07-01,289.55
CUST0272,2025-02-19,424.26
CUST0144,2025-05-25,499.77
CUST0217,2025-07-13,81.42
CUST0040,2025-05-13,460.65
CUST0107,2025-03-16,308.25
CUST0069,2025-03-09,273.58
CUST0261,2025-04-25,35.89
CUST0114,2025-04-08,34.45
CUST0207,2025-05-13,449.59
CUST0272,2025-05-04,87.88
CUST0182,2025-02-19,459.16
CUST0055,2025-07-07,428.61
CUST0093,2025-03-14,130.66
CUST0125,2025-06-06,464.66
CUST0162,2025-01-30,416.02
CUST0224,2025-03-08,263.01
CUST0234,2025-07-23,224.87
CUST0126,2025-04-29,190.53
CUST0076,2025-05-14,364.12
CUST0065,2025-03-06,212.92
CUST0087,2025-04-05,447.71
CUST0196,2025-07-11,157.76
CUST0114,2025-04-15,26.2
CUST0285,2025-03-21,373.64
CUST0236,2025-05-08,487.51
CUST0071,2025-03-31,380.32
CUST0272,2025-01-02,185.04
CUST0186,2025-02-02,358.18
CUST0083,2025-02-03,153.41
CUST0225,2025-02-21,339.02
CUST0133,2025-05-20,256.76
CUST0294,2025-03-31,87.12
CUST0095,2025-06-23,216.87
CUST0269,2025-01-29,186.76
CUST0120,2025-04-07,415.09
CUST0024,2025-02-21,20.77
CUST0112,2025-05-24,477.67
CUST0053,2025-04-24,323.01
CUST0137,2025-05-05,284.47
CUST0041,2025-02-19,387.67
CUST0072,2025-05-30,148.2
CUST0015,2025-03-18,302.21
CUST0161,2025-07-17,312.41
CUST0297,2025-03-22,190.1
CUST0068,2025-07-20,80.34
CUST0258,2025-07-17,304.46
CUST0012,2025-07-08,27.92
CUST0212,2025-04-20,405.0
CUST0185,2025-01-15,484.35
CUST0145,2025-06-27,188.1
CUST0220,2025-02-06,37.08
CUST0250,2025-01-16,418.96
CUST0020,2025-07-29,96.92
CUST0053,2025-05-22,286.67
CUST0188,2025-04-07,171.13
CUST0093,2025-06-03,285.52
CUST0071,2025-05-11,98.47
CUST0125,2025-06-15,464.9
CUST0194,2025-07-18,128.53
CUST0021,2025-01-25,257.66
CUST0137,2025-01-09,118.77
CUST0095,2025-03-14,302.15
CUST0187,2025-06-15,334.76
CUST0097,2025-07-21,100.02
CUST0051,2025-07-06,282.92
CUST0119,2025-04-27,149.17
CUST0017,2025-06-12,289.07
CUST0141,2025-04-29,148.52
CUST0100,2025-06-20,369.57
CUST0014,2025-07-16,240.9
CUST0191,2025-05-17,141.8
CUST0097,2025-04-09,457.47
CUST0067,2025-04-05,375.84
CUST0186,2025-05-28,418.19
CUST0148,2025-03-26,195.95
CUST0097,2025-04-10,177.64
CUST0154,2025-07-27,310.12
CUST0294,2025-04-15,156.48
CUST0152,2025-06-21,263.85
CUST0210,2025-07-26,444.69
CUST0248,2025-01-27,219.33
CUST0205,2025-06-12,418.7
CUST0031,2025-03-21,286.72
CUST0174,2025-07-04,216.96
CUST0074,2025-04-09,334.43
CUST0033,2025-01-08,428.31
CUST0061,2025-06-02,37.42
CUST0216,2025-06-04,308.48
CUST0145,2025-06-07,492.93
CUST0253,2025-02-02,391.66
CUST0022,2025-07-16,41.24
CUST0103,2025-05-08,83.11
CUST0078,2025-01-12,365.19
CUST0067,2025-02-26,307.53
CUST0239,2025-03-27,470.96
CUST0094,2025-07-30,147.82
CUST0058,2025-01-27,371.37
CUST0137,2025-05-21,281.76
CUST0278,2025-04-27,429.67
CUST0018,2025-06-07,334.18
CUST0251,2025-03-16,185.83
CUST0105,2025-03-16,444.49
CUST0028,2025-05-12,118.43
CUST0072,2025-02-03,31.1
CUST0098,2025-01-09,107.57
CUST0042,2025-06-17,66.09
CUST0275,2025-04-08,159.6
CUST0217,2025-04-26,208.99
CUST0264,2025-01-09,431.18
CUST0036,2025-04-10,244.09
CUST0207,2025-03-20,84.88
CUST0233,2025-05-17,44.73
CUST0091,2025-03-16,46.12
CUST0243,2025-07-22,497.8
CUST0296,2025-01-02,289.61
CUST0241,2025-06-27,432.62
CUST0053,2025-04-30,298.13
CUST0080,2025-06-01,149.18
CUST0151,2025-04-27,370.08
CUST0067,2025-05-27,321.32
CUST0073,2025-05-22,164.94
CUST0097,2025-01-15,304.9
CUST0063,2025-04-21,272.68
CUST0262,2025-02-15,63.81
CUST0144,2025-02-01,224.15
CUST0119,2025-05-29,241.08
CUST0273,2025-03-12,435.71
CUST0113,2025-06-04,482.95
CUST0099,2025-04-25,480.34
CUST0243,2025-01-20,296.01
CUST0281,2025-05-07,140.56
CUST0181,2025-04-14,497.54
CUST0191,2025-04-14,445.97
CUST0106,2025-03-03,466.56
CUST0271,2025-04-26,419.96
CUST0196,2025-07-27,28.2
CUST0194,2025-06-04,62.78
CUST0289,2025-06-24,241.97
CUST0216,2025-07-29,70.03
CUST0167,2025-07-18,161.49
CUST0119,2025-02-20,316.02
CUST0108,2025-03-18,354.27
CUST0017,2025-01-28,175.89
CUST0131,2025-02-08,405.54
CUST0193,2025-03-06,42.99
CUST0295,2025-06-03,356.26
CUST0024,2025-01-07,296.97
CUST0026,2025-07-29,113.78
CUST0272,2025-02-06,249.94
CUST0154,2025-07-21,387.78
CUST0189,2025-03-12,494.49
CUST0062,2025-02-16,283.11
CUST0107,2025-03-09,203.71
CUST0096,2025-03-27,476.89
CUST0139,2025-07-04,488.55
CUST0255,2025-03-19,44.58
CUST0245,2025-06-22,88.02
CUST0211,2025-03-19,401.57
CUST0086,2025-01-03,83.31
CUST0299,2025-03-17,117.72
CUST0127,2025-04-23,43.0
CUST0175,2025-06-19,326.5
CUST0031,2025-07-29,465.92
CUST0042,2025-07-02,32.82
CUST0170,2025-05-29,315.66
CUST0100,2025-04-19,204.17
CUST0007,2025-01-29,156.72
CUST0085,2025-02-27,304.77
CUST0112,2025-07-05,125.98
CUST0219,2025-05-10,443.16
CUST0211,2025-04-12,281.29
CUST0180,2025-02-27,107.41
CUST0113,2025-05-22,208.16
CUST0099,2025-03-19,473.53
CUST0036,2025-01-07,330.63
CUST0128,2025-05-06,310.99
CUST0114,2025-07-11,417.63
CUST0161,2025-06-24,339.92
CUST0233,2025-05-19,483.88
CUST0216,2025-05-03,449.88
CUST0013,2025-04-09,340.69
CUST0008,2025-02-03,271.18
CUST0004,2025-03-27,456.34
CUST0289,2025-03-20,373.59
CUST0163,2025-02-22,307.92
CUST0251,2025-04-25,451.49
CUST0053,2025-07-05,497.78
CUST0080,2025-04-03,430.44
CUST0270,2025-05-28,89.71
CUST0015,2025-02-12,435.42
CUST0158,2025-01-14,159.71
CUST0089,2025-07-28,375.41
CUST0070,2025-03-03,87.2
CUST0072,2025-05-02,242.72
CUST0054,2025-07-03,471.99
CUST0240,2025-04-24,163.97
CUST0268,2025-05-03,381.38
CUST0032,2025-05-03,51.41
CUST0082,2025-03-22,459.07
CUST0175,2025-07-25,357.55
CUST0188,2025-02-25,189.0
CUST0279,2025-01-07,294.2
CUST0230,2025-02-17,70.9
CUST0016,2025-02-19,331.36
CUST0025,2025-07-25,98.97
CUST0110,2025-02-19,466.44
CUST0264,2025-01-15,449.85
CUST0243,2025-04-16,265.37
CUST0112,2025-03-24,404.36
CUST0137,2025-07-07,296.94
CUST0233,2025-07-22,67.17
CUST0076,2025-05-23,64.74
CUST0289,2025-06-14,231.52
CUST0082,2025-07-15,193.54
CUST0120,2025-02-16,23.72
CUST0091,2025-04-17,337.76
CUST0248,2025-04-09,434.89
CUST0129,2025-07-21,226.27
CUST0292,2025-06-08,397.6
CUST0090,2025-05-18,255.81
CUST0245,2025-03-12,437.65
CUST0186,2025-04-28,129.33
CUST0279,2025-02-04,35.12
CUST0095,2025-03-26,309.76
CUST0091,2025-05-31,53.01
CUST0013,2025-03-04,26.32
CUST0241,2025-05-22,366.97
CUST0145,2025-06-25,138.66
CUST0178,2025-07-26,260.86
CUST0210,2025-04-24,288.45
CUST0191,2025-04-15,117.06
CUST0151,2025-04-27,242.55
CUST0177,2025-05-27,378.72
CUST0058,2025-02-02,89.33
CUST0012,2025-06-17,296.87
CUST0144,2025-01-21,103.59
CUST0048,2025-04-15,437.59
CUST0030,2025-03-08,455.83
CUST0285,2025-02-10,150.2
CUST0272,2025-01-10,132.75
CUST0167,2025-01-24,388.34
CUST0011,2025-06-07,81.74
CUST0126,2025-05-15,60.71
CUST0199,2025-03-30,51.06
CUST0179,2025-01-29,411.22
CUST0068,2025-07-05,140.77
CUST0149,2025-05-07,37.43
CUST0054,2025-02-23,114.37
CUST0232,2025-07-29,192.79
CUST0158,2025-01-22,361.0
CUST0245,2025-05-13,274.0
CUST0018,2025-02-27,279.3
CUST0121,2025-04-20,114.4
CUST0165,2025-03-19,323.72
CUST0218,2025-07-26,385.44
CUST0122,2025-04-28,221.28
CUST0281,2025-03-26,334.7
CUST0256,2025-05-15,50.92
CUST0269,2025-01-13,229.76
CUST0200,2025-06-19,319.88
CUST0193,2025-04-13,471.77
CUST0200,2025-02-23,37.55
CUST0300,2025-05-11,201.79
CUST0008,2025-01-30,141.75
CUST0281,2025-04-11,28.03
CUST0134,2025-01-29,384.38
CUST0207,2025-05-06,34.79
CUST0077,2025-05-27,66.13
CUST0158,2025-06-07,327.08
CUST0173,2025-04-14,56.36
CUST0020,2025-06-26,186.31
CUST0016,2025-06-29,382.69
CUST0167,2025-05-13,475.81
CUST0106,2025-06-12,321.63
CUST0131,2025-05-22,370.83
CUST0291,2025-02-09,470.43
CUST0042,2025-04-11,106.79
CUST0284,2025-03-15,405.03
CUST0112,2025-02-26,214.43
CUST0206,2025-05-14,108.55
CUST0254,2025-01-30,489.02
CUST0207,2025-02-05,416.8
CUST0023,2025-07-26,276.72
CUST0100,2025-02-04,439.05
CUST0123,2025-01-17,426.5
CUST0105,2025-06-07,260.1
CUST0128,2025-07-15,124.47
CUST0174,2025-06-03,476.38
CUST0012,2025-02-17,459.31
CUST0142,2025-03-26,45.64
CUST0172,2025-03-24,440.16
CUST0156,2025-04-02,318.23
CUST0246,2025-07-24,111.45
CUST0217,2025-05-19,400.54
CUST0083,2025-03-16,453.89
CUST0098,2025-05-27,267.7
CUST0282,2025-03-31,460.17
CUST0180,2025-05-09,100.03
CUST0154,2025-05-17,289.4
CUST0021,2025-07-10,125.75
CUST0271,2025-06-27,199.7
CUST0211,2025-05-27,236.68
CUST0143,2025-07-23,67.94
CUST0034,2025-03-18,359.38
CUST0085,2025-07-26,392.91
CUST0289,2025-06-07,53.56
CUST0075,2025-01-12,277.29
CUST0208,2025-07-09,264.77
CUST0093,2025-05-20,260.79
CUST0024,2025-05-18,214.93
CUST0189,2025-05-11,266.76
CUST0030,2025-01-03,143.88
CUST0277,2025-01-26,132.25
CUST0001,2025-07-19,92.69
CUST0131,2025-06-30,239.49
CUST0043,2025-05-27,291.76
CUST0296,2025-06-20,483.67
CUST0027,2025-04-29,78.93
CUST0026,2025-01-30,84.92
CUST0017,2025-02-03,475.35
CUST0040,2025-06-19,464.85
CUST0282,2025-04-16,412.3
CUST0232,2025-04-15,46.78
CUST0153,2025-06-28,448.12
CUST0014,2025-06-20,253.81
CUST0111,2025-01-31,129.52
CUST0061,2025-07-09,402.35
CUST0296,2025-04-11,399.28
CUST0031,2025-07-23,241.48
CUST0230,2025-05-20,43.93
CUST0268,2025-04-23,371.91
CUST0085,2025-06-18,41.6
CUST0281,2025-05-09,189.32
CUST0142,2025-03-14,191.61
CUST0111,2025-04-11,152.74
CUST0128,2025-02-08,237.6
CUST0018,2025-06-27,384.36
CUST0211,2025-02-16,165.33
CUST0156,2025-06-25,291.47
CUST0288,2025-02-26,413.48
CUST0079,2025-01-22,172.47
CUST0017,2025-04-04,113.58
CUST0257,2025-05-03,423.35
CUST0052,2025-05-23,251.91
CUST0118,2025-07-05,300.59
CUST0104,2025-07-02,216.49
CUST0014,2025-05-06,448.89
CUST0046,2025-02-03,303.68
CUST0057,2025-06-01,204.1
CUST0151,2025-03-13,118.66
CUST0149,2025-04-01,22.63
CUST0070,2025-05-27,35.58
CUST0299,2025-07-02,392.94
CUST0005,2025-02-05,251.95
CUST0168,2025-01-01,459.88
CUST0001,2025-02-17,315.05
CUST0024,2025-01-06,120.43
CUST0270,2025-02-04,441.34
CUST0115,2025-06-08,324.8
CUST0049,2025-07-02,378.52
CUST0270,2025-05-29,46.18
CUST0259,2025-01-29,458.86
CUST0011,2025-07-09,25.91
CUST0062,2025-03-24,86.48
CUST0130,2025-06-14,137.0
CUST0032,2025-06-26,393.92
CUST0129,2025-05-17,216.54
CUST0042,2025-01-11,54.46
CUST0154,2025-05-30,214.76
CUST0200,2025-07-24,429.12
CUST0231,2025-05-20,194.17
CUST0002,2025-07-11,410.76
CUST0244,2025-05-13,77.17
CUST0210,2025-03-30,443.92
CUST0207,2025-01-22,155.5
CUST0047,2025-06-11,161.85
CUST0083,2025-07-12,37.32
CUST0066,2025-07-02,213.14
CUST0157,2025-07-19,346.7
CUST0115,2025-06-03,327.18
CUST0246,2025-01-20,359.9
CUST0200,2025-05-05,435.62
CUST0058,2025-01-27,435.42
CUST0179,2025-01-14,459.05
CUST0086,2025-04-05,96.7
CUST0116,2025-07-27,458.7
CUST0287,2025-05-23,196.95
CUST0291,2025-07-02,487.55
CUST0200,2025-07-20,97.56
CUST0186,2025-06-13,101.68
CUST0105,2025-03-08,381.24
CUST0162,2025-01-28,308.65
CUST0001,2025-02-15,32.34
CUST0081,2025-02-27,188.84
CUST0176,2025-03-10,28.28
CUST0107,2025-05-21,397.54
CUST0194,2025-05-11,81.97
CUST0212,2025-01-17,454.49
CUST0010,2025-02-02,204.34
CUST0125,2025-07-10,204.69
CUST0151,2025-05-10,478.24
CUST0067,2025-02-01,434.67
CUST0053,2025-02-01,208.62
CUST0207,2025-04-03,380.7
CUST0202,2025-05-11,239.4
CUST0092,2025-05-02,292.51
CUST0044,2025-07-09,66.64
CUST0074,2025-07-27,467.94
CUST0233,2025-04-13,62.51
CUST0154,2025-04-15,414.53
CUST0011,2025-04-29,381.53
CUST0009,2025-02-02,73.44
CUST0209,2025-01-14,24.5
CUST0059,2025-03-31,176.3
CUST0111,2025-02-13,451.41
CUST0163,2025-04-01,156.34
CUST0102,2025-02-19,471.46
CUST0238,2025-02-15,109.26
CUST0225,2025-01-19,257.51
CUST0156,2025-01-01,215.09
CUST0223,2025-02-08,289.81
CUST0177,2025-01-07,434.2
CUST0276,2025-02-16,245.38
CUST0156,2025-01-21,333.5
CUST0096,2025-07-28,83.66
CUST0171,2025-07-17,187.88
CUST0248,2025-01-12,201.55
CUST0021,2025-01-17,369.55
CUST0167,2025-04-09,91.0
CUST0283,2025-02-23,459.13
CUST0232,2025-06-13,329.6
CUST0117,2025-01-01,159.16
CUST0113,2025-04-10,325.97
CUST0127,2025-01-22,307.37
CUST0204,2025-04-02,331.29
CUST0085,2025-01-13,379.61
CUST0144,2025-05-10,33.66
CUST0106,2025-05-12,317.36
CUST0114,2025-07-29,461.87
CUST0206,2025-01-09,34.43
CUST0299,2025-01-31,160.27
CUST0206,2025-02-04,349.89
CUST0118,2025-01-24,66.66
CUST0068,2025-03-31,396.4
CUST0074,2025-03-23,320.19
CUST0037,2025-07-22,492.66
CUST0176,2025-02-04,58.58
CUST0099,2025-05-11,99.14
CUST0049,2025-05-10,181.6
CUST0038,2025-01-18,303.02
CUST0209,2025-02-19,197.77
CUST0025,2025-01-15,443.47
CUST0059,2025-06-16,459.53
CUST0120,2025-03-30,422.13
CUST0268,2025-02-03,472.71
CUST0061,2025-07-22,164.56
CUST0107,2025-03-31,156.58
CUST0047,2025-07-26,25.61
CUST0057,2025-04-05,385.18
CUST0236,2025-01-29,201.4
CUST0283,2025-03-22,341.38
CUST0165,2025-04-17,337.76
CUST0249,2025-01-28,41.97
CUST0067,2025-05-25,316.11
CUST0234,2025-02-15,71.75
CUST0192,2025-04-07,206.71
CUST0190,2025-06-12,379.43
CUST0085,2025-04-11,173.88
CUST0075,2025-02-06,107.14
CUST0178,2025-02-23,407.64
CUST0093,2025-01-17,369.61
CUST0209,2025-05-17,450.41
CUST0248,2025-06-07,390.25
CUST0281,2025-07-17,265.62
CUST0115,2025-03-04,377.25
CUST0105,2025-07-18,427.04
CUST0095,2025-03-15,266.73
CUST0112,2025-04-24,209.03
CUST0225,2025-05-09,286.79
CUST0179,2025-02-17,344.42
CUST0089,2025-04-27,333.57
CUST0092,2025-06-28,416.58
CUST0152,2025-03-15,488.92
CUST0125,2025-02-14,115.76
CUST0225,2025-02-13,107.89
CUST0172,2025-02-14,28.01
CUST0107,2025-07-26,125.27
CUST0184,2025-05-10,469.13
CUST0037,2025-04-05,349.29
CUST0147,2025-05-09,90.99
CUST0148,2025-01-28,69.1
CUST0205,2025-03-29,297.08
CUST0290,2025-06-05,208.23
CUST0219,2025-02-23,63.33
CUST0222,2025-05-06,58.44
CUST0052,2025-04-26,342.69
CUST0051,2025-06-19,39.89
CUST0185,2025-03-17,424.52
CUST0176,2025-02-18,116.22
CUST0235,2025-01-27,137.23
CUST0147,2025-07-04,223.46
CUST0097,2025-07-12,482.15
CUST0052,2025-04-14,177.68
CUST0255,2025-04-22,240.62
CUST0096,2025-04-24,369.09
CUST0076,2025-02-10,208.13
CUST0032,2025-06-07,27.54
CUST0116,2025-02-23,376.15
CUST0021,2025-05-23,190.03
CUST0033,2025-04-23,118.9
CUST0063,2025-04-10,169.95
CUST0128,2025-02-08,245.12
CUST0038,2025-05-06,20.18
CUST0114,2025-01-02,193.95
CUST0181,2025-02-05,248.07
CUST0262,2025-05-14,39.32
CUST0299,2025-02-13,63.88
CUST0054,2025-03-02,115.68
CUST0161,2025-01-01,33.36
CUST0152,2025-01-13,205.89
CUST0248,2025-02-03,390.84
CUST0176,2025-07-30,369.96
CUST0113,2025-07-05,53.15
CUST0098,2025-07-23,440.58
CUST0032,2025-05-25,465.65
CUST0091,2025-07-05,430.01
CUST0264,2025-06-12,494.69
CUST0208,2025-05-17,148.14
CUST0092,2025-05-03,441.84
CUST0191,2025-03-16,452.81
CUST0162,2025-03-04,389.89
CUST0193,2025-02-15,69.31
CUST0175,2025-06-02,221.79
CUST0241,2025-01-09,456.61
CUST0252,2025-04-06,339.22
CUST0207,2025-02-25,156.2
CUST0131,2025-04-02,386.62
CUST0174,2025-04-23,325.0
CUST0006,2025-01-29,251.97
CUST0295,2025-07-15,353.61
CUST0014,2025-01-10,183.64
CUST0255,2025-01-11,274.2
CUST0051,2025-04-15,450.29
CUST0083,2025-01-06,45.56
CUST0114,2025-05-10,477.5
CUST0290,2025-05-27,291.09
CUST0151,2025-06-29,382.11
CUST0299,2025-01-24,345.67
CUST0213,2025-07-01,406.49
CUST0254,2025-01-27,410.02
CUST0162,2025-01-20,212.03
CUST0195,2025-05-05,317.94
CUST0016,2025-01-01,198.17
CUST0061,2025-04-14,183.81
CUST0264,2025-04-06,207.77
CUST0261,2025-01-26,128.59
CUST0198,2025-01-03,487.23
CUST0172,2025-05-23,233.81
CUST0104,2025-05-16,201.35
CUST0259,2025-03-17,161.22
CUST0052,2025-03-24,140.24
CUST0131,2025-04-08,309.31
CUST0017,2025-03-08,239.97
CUST0187,2025-04-13,461.33
CUST0140,2025-02-03,239.91
CUST0246,2025-06-16,356.8
CUST0231,2025-02-01,392.85
CUST0246,2025-02-25,412.71
CUST0154,2025-02-07,234.21
CUST0183,2025-03-22,287.29
CUST0035,2025-05-25,362.63
CUST0293,2025-04-07,105.0
CUST0051,2025-01-02,67.66
CUST0096,2025-07-12,192.88
CUST0158,2025-02-24,98.14
CUST0175,2025-07-07,305.59
CUST0255,2025-04-09,300.92
CUST0294,2025-05-12,130.47
CUST0213,2025-04-29,498.8
CUST0113,2025-06-05,309.65
CUST0144,2025-07-12,156.45
CUST0040,2025-02-25,182.43
CUST0194,2025-04-12,166.66
CUST0021,2025-06-01,408.29
CUST0101,2025-06-09,74.3
CUST0136,2025-04-09,321.4
CUST0235,2025-06-13,362.54
CUST0093,2025-02-27,276.12
CUST0066,2025-04-03,160.82
CUST0232,2025-04-10,213.51
CUST0294,2025-02-22,409.27
CUST0072,2025-01-12,330.87
CUST0032,2025-03-09,488.85
CUST0122,2025-01-31,489.28
CUST0036,2025-03-31,242.85
CUST0156,2025-02-09,298.11
CUST0018,2025-06-06,368.23
CUST0065,2025-05-07,319.95
CUST0120,2025-01-31,213.36
CUST0269,2025-06-25,367.71
CUST0162,2025-01-22,388.17
CUST0022,2025-05-09,275.04
CUST0284,2025-06-07,81.11
CUST0190,2025-07-19,203.44
CUST0286,2025-02-25,394.08
CUST0163,2025-04-24,245.31
CUST0001,2025-05-11,49.29
CUST0193,2025-07-07,390.01
CUST0235,2025-04-30,248.37
CUST0013,2025-06-29,443.14
CUST0029,2025-02-25,321.71
CUST0038,2025-07-01,380.53
CUST0285,2025-02-02,218.01
CUST0028,2025-07-20,119.3
CUST0185,2025-07-29,452.84
CUST0266,2025-02-23,291.27
CUST0122,2025-03-29,418.93
CUST0129,2025-01-17,281.66
CUST0177,2025-05-26,487.86
CUST0182,2025-06-16,429.37
CUST0018,2025-06-30,479.92
CUST0163,2025-05-26,109.6
CUST0099,2025-04-24,164.45
CUST0053,2025-01-16,496.37
CUST0036,2025-04-24,482.43
CUST0300,2025-07-25,149.31
CUST0262,2025-03-09,431.65
CUST0294,2025-05-25,389.05
CUST0201,2025-06-20,132.68
CUST0019,2025-02-11,240.89
CUST0068,2025-02-22,85.73
CUST0043,2025-05-21,228.88
CUST0008,2025-05-14,373.22
CUST0098,2025-03-26,25.15
CUST0037,2025-07-26,157.73
CUST0220,2025-07-05,407.9
CUST0031,2025-01-05,24.58
CUST0231,2025-02-14,45.9
CUST0054,2025-07-04,204.71
CUST0221,2025-04-23,248.43
CUST0269,2025-07-07,375.39
CUST0190,2025-05-08,171.33
CUST0125,2025-03-04,374.69
CUST0068,2025-01-02,425.92
CUST0020,2025-05-24,161.56
CUST0166,2025-06-26,276.03
CUST0158,2025-07-13,185.15
CUST0232,2025-06-12,203.04
CUST0242,2025-03-15,241.8
CUST0104,2025-06-07,193.96
CUST0095,2025-02-20,404.83
CUST0097,2025-04-07,97.37
CUST0173,2025-06-24,75.78
CUST0035,2025-05-28,169.51
CUST0259,2025-04-23,408.38
CUST0087,2025-01-07,139.76
CUST0165,2025-05-01,181.38
CUST0141,2025-06-26,231.04
CUST0148,2025-06-14,225.51
CUST0122,2025-06-04,404.15
CUST0078,2025-01-07,205.53
CUST0294,2025-05-13,166.07
CUST0176,2025-05-14,499.25
CUST0167,2025-05-29,296.58
CUST0213,2025-05-13,499.77
CUST0104,2025-02-24,260.94
CUST0251,2025-02-13,451.44
CUST0043,2025-07-20,175.93
CUST0249,2025-01-29,373.09
CUST0081,2025-03-03,243.49
CUST0203,2025-03-13,442.79
CUST0258,2025-03-26,213.55
CUST0011,2025-01-17,117.26
CUST0267,2025-01-30,466.59
CUST0212,2025-01-02,248.25
CUST0279,2025-03-09,350.61
CUST0051,2025-01-16,209.03
CUST0033,2025-05-15,213.56
CUST0010,2025-04-20,81.46
CUST0205,2025-07-26,260.11
CUST0043,2025-01-10,342.31
CUST0062,2025-02-11,390.86
CUST0249,2025-01-02,112.03
CUST0138,2025-05-10,448.89
CUST0017,2025-05-11,313.64
CUST0144,2025-05-20,138.3
CUST0066,2025-04-21,74.41
CUST0031,2025-06-17,276.62
CUST0120,2025-07-29,197.97
CUST0283,2025-07-02,301.19
CUST0002,2025-04-27,479.82
CUST0083,2025-05-23,87.27
CUST0039,2025-01-17,497.38
CUST0124,2025-07-20,179.15
CUST0200,2025-05-26,341.13
CUST0298,2025-07-15,474.17
CUST0291,2025-01-25,29.33
CUST0162,2025-04-22,35.93
CUST0126,2025-05-10,376.09
CUST0149,2025-01-03,341.6
CUST0023,2025-04-12,434.27
CUST0225,2025-06-07,219.98
CUST0188,2025-04-03,370.1
CUST0029,2025-05-17,149.17
CUST0196,2025-01-08,26.96
CUST0072,2025-07-06,85.4
CUST0125,2025-05-09,283.54
CUST0286,2025-07-24,190.15
CUST0055,2025-01-03,266.69
CUST0223,2025-05-14,207.25
CUST0102,2025-06-04,292.33
CUST0121,2025-02-11,459.33
CUST0041,2025-06-06,309.78
CUST0160,2025-03-27,274.84
CUST0098,2025-05-12,80.11
CUST0175,2025-02-27,214.51
CUST0110,2025-02-02,465.35
CUST0049,2025-03-21,72.44
CUST0280,2025-01-06,388.7
CUST0261,2025-02-28,353.65
CUST0200,2025-04-10,430.91
CUST0107,2025-01-22,43.18
CUST0168,2025-03-03,317.81
CUST0254,2025-07-22,33.93
CUST0271,2025-06-21,288.8
CUST0205,2025-03-09,291.26
CUST0260,2025-04-19,321.92
CUST0080,2025-05-22,361.02
CUST0296,2025-02-04,35.69
CUST0234,2025-06-13,246.27
CUST0029,2025-04-02,97.37
CUST0112,2025-04-11,286.41
CUST0032,2025-07-26,304.16
CUST0283,2025-04-28,453.36
CUST0135,2025-06-11,211.41
CUST0288,2025-03-03,164.54
CUST0253,2025-03-20,377.52
CUST0082,2025-04-25,166.06
CUST0066,2025-07-06,170.62
CUST0217,2025-01-20,30.01
CUST0246,2025-04-02,92.31
CUST0123,2025-04-28,325.13
CUST0182,2025-02-03,50.6
CUST0121,2025-04-16,267.98
CUST0213,2025-05-17,47.14
CUST0153,2025-05-09,448.26
CUST0098,2025-07-09,318.0
CUST0085,2025-07-12,99.33
CUST0093,2025-04-07,479.08
CUST0130,2025-02-15,388.22
CUST0291,2025-02-06,31.27
CUST0065,2025-04-11,318.49
CUST0064,2025-05-20,423.99
CUST0017,2025-01-25,468.21
CUST0006,2025-01-31,404.0
CUST0107,2025-02-20,105.24
CUST0027,2025-05-25,271.53
CUST0291,2025-04-11,138.29
CUST0157,2025-04-01,115.58
CUST0184,2025-01-09,326.55
CUST0186,2025-01-14,488.71
CUST0132,2025-02-12,298.6
CUST0139,2025-03-01,43.31
CUST0175,2025-06-21,191.61
CUST0185,2025-06-17,395.74
CUST0195,2025-07-27,482.39
CUST0226,2025-02-26,329.88
CUST0053,2025-06-14,79.66
CUST0057,2025-03-08,22.81
CUST0110,2025-04-08,92.13
CUST0158,2025-05-07,87.73
CUST0045,2025-01-10,404.86
CUST0169,2025-07-06,498.21
CUST0086,2025-04-28,493.27
CUST0240,2025-01-29,317.73
CUST0196,2025-07-23,434.49
CUST0059,2025-02-14,321.84
CUST0030,2025-06-02,333.07
CUST0229,2025-07-04,276.16
CUST0170,2025-04-23,370.42
CUST0285,2025-03-12,342.06
CUST0281,2025-01-13,218.18
CUST0215,2025-05-07,300.86
CUST0293,2025-02-07,173.38
CUST0034,2025-07-21,207.25
CUST0247,2025-02-12,304.93
CUST0107,2025-02-13,165.46
CUST0192,2025-04-29,235.88
CUST0269,2025-01-23,457.29
CUST0056,2025-05-28,111.16
CUST0128,2025-02-07,435.18
CUST0009,2025-07-04,133.39
CUST0057,2025-07-29,265.67
CUST0212,2025-05-27,85.74
CUST0108,2025-03-21,469.91
CUST0275,2025-05-31,46.7
CUST0280,2025-06-25,285.61
CUST0231,2025-07-23,278.97
CUST0256,2025-04-12,208.93
CUST0118,2025-05-05,217.65
CUST0073,2025-07-05,97.38
CUST0087,2025-04-16,277.22
CUST0269,2025-02-24,375.88
CUST0194,2025-06-14,280.88
CUST0075,2025-07-01,492.29
CUST0256,2025-06-13,288.24
CUST0057,2025-03-09,168.91
CUST0232,2025-05-09,269.63
CUST0122,2025-05-19,97.66
CUST0156,2025-07-23,430.77
CUST0076,2025-06-12,28.96
CUST0235,2025-02-10,95.29
CUST0299,2025-07-08,157.39
CUST0230,2025-05-27,236.33
CUST0025,2025-07-04,260.51
CUST0187,2025-04-10,143.33
CUST0002,2025-05-15,483.47
CUST0207,2025-06-19,195.74
CUST0099,2025-06-16,326.13
CUST0205,2025-07-01,107.9
CUST0055,2025-03-16,493.02
CUST0118,2025-03-23,411.12
CUST0173,2025-07-27,492.79
CUST0152,2025-07-20,445.16
CUST0148,2025-05-16,179.36
CUST0228,2025-04-07,272.15
CUST0045,2025-06-17,320.79
CUST0101,2025-05-14,314.25
CUST0020,2025-06-14,268.78
CUST0080,2025-03-28,493.85
CUST0287,2025-05-16,372.44
CUST0120,2025-04-05,209.55
CUST0284,2025-04-04,405.83
CUST0211,2025-07-02,60.86
CUST0246,2025-02-18,47.26
CUST0162,2025-04-27,104.08
CUST0009,2025-01-18,297.25
CUST0267,2025-04-04,334.89
CUST0187,2025-01-06,351.72
CUST0262,2025-07-07,21.03
CUST0057,2025-06-10,483.23
CUST0241,2025-01-23,227.46
CUST0086,2025-02-01,289.34
CUST0234,2025-01-01,41.31
CUST0288,2025-04-21,218.82
CUST0014,2025-06-17,34.53
CUST0149,2025-07-16,489.03
CUST0063,2025-01-13,387.52
CUST0078,2025-01-18,134.24
CUST0194,2025-06-20,474.1
CUST0212,2025-05-31,366.45
CUST0279,2025-06-28,330.47
CUST0193,2025-01-24,384.74
CUST0287,2025-07-15,134.39
CUST0040,2025-05-14,36.69
CUST0142,2025-03-14,186.87
CUST0286,2025-03-18,252.66
CUST0113,2025-03-19,467.76
CUST0018,2025-07-07,268.86
CUST0202,2025-06-09,275.55
CUST0133,2025-04-16,312.26
CUST0187,2025-04-17,306.85
CUST0028,2025-02-05,194.38
CUST0273,2025-05-14,396.24
CUST0086,2025-07-12,297.96
CUST0058,2025-05-21,345.67
CUST0266,2025-03-27,340.51
CUST0047,2025-06-15,79.68
CUST0135,2025-03-31,365.33
CUST0252,2025-01-11,225.23
CUST0061,2025-04-21,482.65
CUST0228,2025-07-12,388.81
CUST0047,2025-07-10,493.41
CUST0095,2025-07-04,411.3
CUST0035,2025-01-17,289.24
CUST0047,2025-03-30,261.16
CUST0214,2025-05-01,244.69
CUST0011,2025-03-14,140.42
CUST0063,2025-06-10,422.14
CUST0228,2025-06-08,268.48
CUST0233,2025-01-29,358.53
CUST0067,2025-07-20,98.92
CUST0275,2025-03-03,484.1
CUST0002,2025-05-14,179.11
CUST0105,2025-05-22,146.57
CUST0124,2025-01-13,144.3
CUST0060,2025-06-22,426.23
CUST0148,2025-03-30,459.43
CUST0161,2025-07-03,59.42
CUST0096,2025-06-16,84.79
CUST0282,2025-01-05,288.44
CUST0198,2025-07-18,456.2
CUST0123,2025-02-24,326.45
CUST0211,2025-04-09,156.37
CUST0298,2025-01-18,274.6
CUST0088,2025-02-13,381.54
CUST0156,2025-04-01,306.41
CUST0163,2025-02-05,229.68
CUST0225,2025-06-25,279.84
CUST0144,2025-06-09,258.21
CUST0265,2025-02-01,354.22
CUST0007,2025-07-20,312.06
CUST0222,2025-04-05,83.2
CUST0054,2025-05-22,145.68
CUST0279,2025-02-09,492.31
CUST0133,2025-04-29,433.18
CUST0194,2025-02-27,332.42
CUST0066,2025-04-04,264.73
CUST0252,2025-03-28,426.41
CUST0094,2025-03-13,423.72
CUST0063,2025-04-08,322.02
CUST0046,2025-01-01,344.75
CUST0019,2025-02-16,201.01
CUST0293,2025-04-19,147.31
CUST0199,2025-02-15,437.06
CUST0153,2025-01-03,367.43
CUST0133,2025-01-19,388.95
CUST0234,2025-04-24,74.91
CUST0089,2025-03-15,440.54
CUST0277,2025-03-26,495.8
CUST0208,2025-05-20,92.59
CUST0235,2025-07-13,45.14
CUST0220,2025-02-05,28.67
CUST0172,2025-06-03,237.8
CUST0078,2025-06-23,183.07
CUST0177,2025-05-01,54.4
CUST0066,2025-05-03,298.3
CUST0283,2025-05-25,432.06
CUST0041,2025-07-06,359.31
CUST0040,2025-01-10,471.81
CUST0030,2025-07-23,392.31
CUST0127,2025-03-29,123.66
CUST0019,2025-02-17,179.18
CUST0199,2025-01-25,63.48
CUST0288,2025-03-23,352.43
CUST0137,2025-05-05,437.0
CUST0228,2025-03-24,184.39
CUST0220,2025-01-07,366.62
CUST0189,2025-04-10,250.21
CUST0150,2025-03-04,211.76
CUST0204,2025-02-05,189.66
CUST0145,2025-02-14,279.98
CUST0250,2025-01-11,352.5
CUST0209,2025-04-01,242.76
CUST0202,2025-05-14,368.23
CUST0054,2025-07-02,410.89
CUST0015,2025-04-26,146.04
CUST0033,2025-02-15,103.64
CUST0139,2025-01-03,313.98
CUST0265,2025-01-31,128.23
CUST0277,2025-03-28,204.0
CUST0206,2025-01-28,402.35
CUST0190,2025-01-31,223.85
CUST0152,2025-07-28,140.83
CUST0202,2025-05-08,107.57
CUST0017,2025-03-26,422.7
CUST0083,2025-06-17,97.28
CUST0227,2025-03-12,282.67
CUST0163,2025-03-20,456.38
CUST0061,2025-05-04,118.01
CUST0248,2025-06-01,182.41
CUST0076,2025-04-23,122.91
CUST0292,2025-06-06,140.73
CUST0123,2025-07-03,324.49
CUST0181,2025-02-01,193.84
CUST0146,2025-06-16,483.05
CUST0200,2025-01-21,87.23
CUST0115,2025-01-15,358.27
CUST0293,2025-07-29,92.09
CUST0281,2025-07-06,219.1
CUST0077,2025-01-08,452.9
CUST0023,2025-02-21,289.81
CUST0258,2025-07-10,105.61
CUST0269,2025-02-14,214.52
CUST0149,2025-01-05,159.29
CUST0034,2025-03-15,497.23
CUST0076,2025-02-19,450.57
CUST0149,2025-05-30,462.9
CUST0111,2025-05-03,240.36
CUST0134,2025-02-22,183.23
CUST0217,2025-06-10,34.55
CUST0241,2025-01-17,120.71
CUST0186,2025-07-27,67.87
CUST0013,2025-03-14,244.54
CUST0295,2025-03-25,185.41
CUST0290,2025-06-06,131.98
CUST0292,2025-03-21,394.38
CUST0245,2025-02-17,22.74
CUST0169,2025-02-02,375.78
CUST0282,2025-04-11,238.51
CUST0219,2025-07-03,56.29
CUST0069,2025-04-15,147.34
CUST0052,2025-02-26,199.74
CUST0141,2025-05-15,115.23
CUST0224,2025-02-06,242.56
CUST0117,2025-06-04,393.2
CUST0087,2025-04-24,190.39
CUST0062,2025-02-24,191.44
CUST0294,2025-06-15,268.91
CUST0172,2025-03-22,294.3
CUST0164,2025-05-15,390.74
CUST0051,2025-03-31,442.95
CUST0071,2025-02-19,92.06
CUST0159,2025-07-04,414.13
CUST0036,2025-06-12,280.11
CUST0061,2025-06-11,237.02
CUST0111,2025-05-10,286.96
CUST0227,2025-01-28,289.54
CUST0285,2025-01-15,68.35
CUST0199,2025-03-27,107.43
CUST0199,2025-06-21,110.31
CUST0104,2025-05-03,113.53
CUST0237,2025-07-03,465.69
CUST0299,2025-07-13,437.44
CUST0037,2025-04-12,109.17
CUST0103,2025-04-19,351.89
CUST0109,2025-07-20,193.56
CUST0066,2025-04-03,312.72
CUST0032,2025-01-24,192.28
CUST0086,2025-06-05,300.67
CUST0231,2025-01-28,209.54
CUST0190,2025-07-28,338.24
CUST0118,2025-06-25,263.86
CUST0158,2025-01-08,493.53
CUST0149,2025-05-09,147.76
CUST0212,2025-03-18,248.36
CUST0059,2025-02-26,314.46
CUST0047,2025-05-17,295.94
CUST0102,2025-03-22,332.59
CUST0274,2025-03-16,376.2
CUST0190,2025-03-21,424.7
CUST0260,2025-01-26,132.59
CUST0107,2025-02-08,375.38
CUST0135,2025-03-30,98.9
CUST0071,2025-03-02,412.94
CUST0081,2025-04-18,298.15
CUST0243,2025-06-12,173.29
CUST0157,2025-03-05,21.08
CUST0084,2025-01-29,320.35
CUST0264,2025-04-08,323.74
CUST0210,2025-06-29,258.04
CUST0037,2025-05-04,60.17
CUST0035,2025-02-06,367.73
CUST0204,2025-03-09,126.72
CUST0029,2025-04-21,160.96
CUST0051,2025-07-07,393.98
CUST0198,2025-05-28,60.98
CUST0236,2025-06-17,173.83
CUST0007,2025-05-11,353.54
CUST0294,2025-01-25,110.36
CUST0237,2025-01-10,21.17
CUST0113,2025-04-09,128.19
CUST0258,2025-02-18,451.63
CUST0118,2025-01-19,306.28
CUST0254,2025-03-10,265.42
CUST0256,2025-05-10,381.2
CUST0117,2025-03-05,487.67
CUST0274,2025-05-05,92.84
CUST0218,2025-01-02,26.52
CUST0251,2025-02-11,104.18
CUST0239,2025-04-04,300.19
CUST0222,2025-03-04,362.1
CUST0170,2025-03-07,270.83
CUST0169,2025-02-16,141.31
CUST0236,2025-05-28,270.1
CUST0100,2025-06-10,440.72
CUST0142,2025-05-22,88.19
CUST0146,2025-07-05,173.48
CUST0022,2025-05-26,101.64
CUST0099,2025-06-30,466.81
CUST0260,2025-02-04,275.16
CUST0047,2025-04-11,93.53
CUST0134,2025-06-11,386.88
CUST0280,2025-01-14,448.92
CUST0209,2025-05-23,321.18
CUST0225,2025-06-10,237.81
CUST0038,2025-03-14,155.81
CUST0008,2025-02-16,370.24
CUST0025,2025-02-16,458.8
CUST0045,2025-07-19,148.31
CUST0089,2025-01-21,22.77
CUST0271,2025-03-04,397.62
CUST0285,2025-03-25,364.01
CUST0278,2025-07-25,62.81
CUST0133,2025-06-09,320.92
CUST0295,2025-03-05,105.16
CUST0192,2025-01-14,218.6
CUST0155,2025-04-10,175.93
CUST0066,2025-07-09,66.7
CUST0062,2025-06-19,472.02
CUST0128,2025-03-22,498.35
CUST0161,2025-07-10,434.56
CUST0260,2025-03-03,381.09
CUST0131,2025-04-08,123.23
CUST0124,2025-03-25,166.7
CUST0134,2025-06-25,274.61
CUST0234,2025-03-27,62.84
CUST0044,2025-04-22,322.6
CUST0216,2025-04-14,249.48
CUST0229,2025-07-19,411.36
CUST0134,2025-05-25,266.45
CUST0156,2025-03-04,192.44
CUST0267,2025-07-18,485.35
CUST0186,2025-04-15,370.72
CUST0064,2025-03-12,90.5
CUST0197,2025-01-12,216.25
CUST0083,2025-01-20,464.44
CUST0261,2025-02-03,356.36
CUST0289,2025-04-20,411.02
CUST0168,2025-05-21,71.41
CUST0025,2025-06-13,151.54
CUST0247,2025-04-10,484.13
CUST0201,2025-07-22,245.56
CUST0195,2025-01-31,258.95
CUST0103,2025-01-11,46.78
CUST0298,2025-06-29,31.36
CUST0089,2025-06-01,305.85
CUST0127,2025-05-10,406.83
CUST0162,2025-05-13,424.92
CUST0190,2025-04-08,402.57
CUST0234,2025-01-18,245.47
CUST0243,2025-02-18,92.1
CUST0097,2025-07-03,468.54
CUST0252,2025-03-24,378.92
CUST0294,2025-05-18,424.67
CUST0203,2025-04-05,261.26
CUST0289,2025-06-07,65.85
CUST0244,2025-01-11,59.68
CUST0157,2025-05-02,244.39
CUST0300,2025-01-17,214.87
CUST0091,2025-07-26,123.46
CUST0176,2025-03-01,80.09
CUST0146,2025-03-02,348.92
CUST0190,2025-06-09,162.69
CUST0026,2025-05-29,332.48
CUST0112,2025-03-12,64.65
CUST0071,2025-07-25,259.91
CUST0281,2025-04-18,320.29
CUST0185,2025-05-10,238.82
CUST0284,2025-04-09,274.79
CUST0023,2025-04-15,106.45
CUST0083,2025-03-05,76.02
CUST0007,2025-01-08,62.22
CUST0293,2025-04-11,135.92
CUST0029,2025-05-08,173.69
CUST0042,2025-05-15,428.42
CUST0178,2025-02-08,115.89
CUST0183,2025-01-06,399.55
CUST0031,2025-01-08,183.95
CUST0219,2025-03-07,298.47
CUST0182,2025-07-04,96.22
CUST0126,2025-03-08,335.21
CUST0016,2025-03-31,206.95
CUST0240,2025-06-28,182.75
CUST0259,2025-04-17,319.06
CUST0216,2025-06-04,443.79
CUST0139,2025-03-19,153.71
CUST0259,2025-01-19,368.69
CUST0247,2025-07-06,168.41
CUST0155,2025-05-30,28.85
CUST0126,2025-04-16,72.04
CUST0143,2025-06-11,362.59
CUST0277,2025-04-17,179.23
CUST0013,2025-02-18,330.07
CUST0240,2025-03-08,383.18
CUST0236,2025-04-29,316.69
CUST0095,2025-02-05,319.51
CUST0212,2025-06-23,107.55
CUST0251,2025-04-23,289.8
CUST0098,2025-01-21,221.96
CUST0209,2025-05-31,264.12
CUST0022,2025-04-16,353.23
CUST0130,2025-04-16,318.59
CUST0029,2025-07-20,247.25
CUST0269,2025-01-22,292.91
CUST0186,2025-01-21,495.52
CUST0124,2025-06-25,103.38
CUST0279,2025-04-14,79.81
CUST0045,2025-02-12,129.21
CUST0159,2025-07-29,103.55
CUST0163,2025-05-09,205.27
CUST0218,2025-01-21,83.42
CUST0032,2025-04-11,403.59
CUST0253,2025-05-08,279.16
CUST0071,2025-02-25,330.49
CUST0275,2025-07-13,433.45
CUST0189,2025-04-05,447.62
CUST0066,2025-03-16,24.24
